{"cameraMode":{"drawMode":0,"name":"Shaded","section":"Shading Mode"},"sceneLighting":true,"audioPlay":false,"sceneViewState":{"m_AlwaysRefresh":false,"showFog":true,"showSkybox":true,"showFlares":true,"showImageEffects":true,"showParticleSystems":true,"showVisualEffectGraphs":true,"m_FxEnabled":true},"in2DMode":false,"pivot":{"x":27.536725997924806,"y":6.346287727355957,"z":11.783185958862305},"rotation":{"x":0.015520870685577393,"y":0.9844873547554016,"z":0.12589767575263978,"w":-0.12140391021966934},"size":9.543522834777832,"orthographic":false}