{"cameraMode":{"drawMode":0,"name":"Shaded","section":"Shading Mode"},"sceneLighting":true,"audioPlay":false,"sceneViewState":{"m_AlwaysRefresh":false,"showFog":true,"showSkybox":true,"showFlares":true,"showImageEffects":true,"showParticleSystems":true,"showVisualEffectGraphs":true,"m_FxEnabled":true},"in2DMode":false,"pivot":{"x":0.0001245737075805664,"y":1.2734299898147584,"z":24.290630340576173},"rotation":{"x":-0.4991004168987274,"y":0.5008882284164429,"z":-0.4973086416721344,"w":-0.5026980042457581},"size":3.96807861328125,"orthographic":false}