{"cameraMode":{"drawMode":0,"name":"Shaded","section":"Shading Mode"},"sceneLighting":true,"audioPlay":false,"sceneViewState":{"m_AlwaysRefresh":false,"showFog":true,"showSkybox":true,"showFlares":true,"showImageEffects":true,"showParticleSystems":true,"showVisualEffectGraphs":true,"m_FxEnabled":true},"in2DMode":false,"pivot":{"x":-0.6187992095947266,"y":-2.0981578826904299,"z":0.809723973274231},"rotation":{"x":0.16999606788158418,"y":-0.6568647027015686,"z":0.15553396940231324,"w":0.7179437875747681},"size":11.586886405944825,"orthographic":false}