{"cameraMode":{"drawMode":0,"name":"Shaded","section":"Shading Mode"},"sceneLighting":true,"audioPlay":false,"sceneViewState":{"m_AlwaysRefresh":false,"showFog":true,"showSkybox":true,"showFlares":true,"showImageEffects":true,"showParticleSystems":true,"showVisualEffectGraphs":true,"m_FxEnabled":true},"in2DMode":false,"pivot":{"x":0.2800002098083496,"y":6.280000686645508,"z":-7.949999809265137},"rotation":{"x":0.17754200100898744,"y":0.012100583873689175,"z":-0.002180778421461582,"w":0.9840473532676697},"size":8.783796310424805,"orthographic":true}